NC_000913.3_96_0/1	NC_002516.2	42	297	4.26e-79
NC_000913.3_96_0/1	NC_002516.2	41	294	4.26e-79
NC_000913.3_96_0/1	NC_002516.2	41	294	4.26e-79
NC_000913.3_96_0/1	NC_002516.2	41	294	4.26e-79
NC_000913.3_109_0/1	NC_002516.2	15	115	7.65e-27
NC_000913.3_140_0/1	NC_002516.2	31	252	1.58e-58
NC_000913.3_140_0/1	NC_002516.2	31	252	1.58e-58
NC_000913.3_140_0/1	NC_002516.2	31	252	1.58e-58
NC_000913.3_140_0/1	NC_002516.2	31	252	1.58e-58
NC_000913.3_160_0/1	NC_002516.2	19	295	4.00e-124
NC_000913.3_160_0/1	NC_002516.2	19	295	4.00e-124
NC_000913.3_160_0/1	NC_002516.2	19	295	4.00e-124
NC_000913.3_160_0/1	NC_002516.2	19	295	4.00e-124
NC_000913.3_189_0/1	NC_002516.2	50	300	2.01e-67
NC_000913.3_189_0/1	NC_002516.2	51	303	2.01e-67
NC_000913.3_189_0/1	NC_002516.2	51	303	2.01e-67
NC_000913.3_189_0/1	NC_002516.2	51	303	2.01e-67
NC_000913.3_229_0/1	NC_002516.2	5	86	2.73e-31
NC_000913.3_229_0/1	NC_002516.2	5	83	2.13e-27
NC_000913.3_429_0/1	NC_002516.2	26	306	4.14e-99
NC_000913.3_429_0/1	NC_002516.2	26	306	4.14e-99
NC_000913.3_429_0/1	NC_002516.2	26	306	4.14e-99
NC_000913.3_429_0/1	NC_002516.2	26	306	4.14e-99
NC_000913.3_514_0/1	NC_002516.2	13	151	2.68e-46
NC_000913.3_514_0/1	NC_002516.2	13	151	2.68e-46
NC_000913.3_514_0/1	NC_002516.2	13	151	2.68e-46
NC_000913.3_514_0/1	NC_002516.2	13	151	2.68e-46
NC_000913.3_521_0/1	NC_002516.2	38	280	4.23e-84
NC_000913.3_521_0/1	NC_002516.2	38	280	4.23e-84
NC_000913.3_521_0/1	NC_002516.2	38	280	4.23e-84
NC_000913.3_521_0/1	NC_002516.2	38	280	4.23e-84
NC_000913.3_539_0/1	NC_002516.2	20	133	1.64e-28
NC_000913.3_615_0/1	NC_002516.2	61	266	3.53e-30
NC_000913.3_668_0/1	NC_002516.2	47	295	1.98e-77
NC_000913.3_668_0/1	NC_002516.2	47	295	1.98e-77
NC_000913.3_668_0/1	NC_002516.2	47	295	1.98e-77
NC_000913.3_668_0/1	NC_002516.2	47	295	1.98e-77
NC_000913.3_705_0/1	NC_002516.2	4	74	2.75e-26
NC_000913.3_705_0/1	NC_002516.2	4	72	3.56e-25
NC_000913.3_705_0/1	NC_002516.2	13	80	1.30e-14
NC_000913.3_849_0/1	NC_002516.2	38	303	4.20e-89
NC_000913.3_849_0/1	NC_002516.2	37	300	4.20e-89
NC_000913.3_849_0/1	NC_002516.2	37	300	4.20e-89
NC_000913.3_849_0/1	NC_002516.2	37	300	4.20e-89
NC_000913.3_856_0/1	NC_002516.2	30	258	2.01e-67
NC_000913.3_856_0/1	NC_002516.2	30	258	2.01e-67
NC_000913.3_856_0/1	NC_002516.2	30	258	2.01e-67
NC_000913.3_856_0/1	NC_002516.2	30	258	2.01e-67
NC_000913.3_999_0/1	NC_002516.2	27	153	3.59e-20
NC_000913.3_1054_0/1	NC_002516.2	46	303	4.35e-64
NC_000913.3_1054_0/1	NC_002516.2	46	303	4.35e-64
NC_000913.3_1054_0/1	NC_002516.2	46	303	4.35e-64
NC_000913.3_1054_0/1	NC_002516.2	46	303	4.35e-64
NC_000913.3_1062_0/1	NC_002516.2	11	77	2.79e-16
NC_000913.3_1277_0/1	NC_002516.2	51	297	5.59e-68
NC_000913.3_1277_0/1	NC_002516.2	51	297	5.59e-68
NC_000913.3_1277_0/1	NC_002516.2	51	297	5.59e-68
NC_000913.3_1277_0/1	NC_002516.2	51	297	5.59e-68
NC_000913.3_1422_0/1	NC_002516.2	62	300	2.07e-47
NC_000913.3_36_1/1	NC_002516.2	5	82	4.57e-29
NC_000913.3_36_1/1	NC_002516.2	7	87	2.75e-26
NC_000913.3_58_1/1	NC_002516.2	40	176	5.96e-23
NC_000913.3_202_1/1	NC_002516.2	67	295	4.54e-34
NC_000913.3_258_1/1	NC_002516.2	5	80	5.91e-28
NC_000913.3_258_1/1	NC_002516.2	5	79	2.13e-27
NC_000913.3_258_1/1	NC_002516.2	6	84	2.75e-26
NC_000913.3_333_1/1	NC_002516.2	4	80	1.27e-29
NC_000913.3_333_1/1	NC_002516.2	4	79	4.57e-29
NC_000913.3_333_1/1	NC_002516.2	5	85	1.64e-28
NC_000913.3_561_1/1	NC_002516.2	1	59	5.96e-23
NC_000913.3_561_1/1	NC_002516.2	1	59	5.96e-23
NC_000913.3_786_1/1	NC_002516.2	5	71	5.96e-23
NC_000913.3_786_1/1	NC_002516.2	3	65	5.96e-23
NC_000913.3_786_1/1	NC_002516.2	3	65	5.96e-23
NC_000913.3_786_1/1	NC_002516.2	3	65	5.96e-23
NC_000913.3_798_1/1	NC_002516.2	16	294	1.43e-128
NC_000913.3_798_1/1	NC_002516.2	16	294	1.43e-128
NC_000913.3_798_1/1	NC_002516.2	16	294	1.43e-128
NC_000913.3_798_1/1	NC_002516.2	16	294	1.11e-124
NC_000913.3_898_1/1	NC_002516.2	15	289	2.41e-121
NC_000913.3_898_1/1	NC_002516.2	14	286	2.41e-121
NC_000913.3_898_1/1	NC_002516.2	14	286	2.41e-121
NC_000913.3_898_1/1	NC_002516.2	14	286	2.41e-121
NC_000913.3_973_1/1	NC_002516.2	47	278	5.59e-68
NC_000913.3_987_1/1	NC_002516.2	20	295	8.90e-101
NC_000913.3_987_1/1	NC_002516.2	19	292	8.90e-101
NC_000913.3_987_1/1	NC_002516.2	19	292	8.90e-101
NC_000913.3_987_1/1	NC_002516.2	19	292	8.90e-101
NC_000913.3_989_1/1	NC_002516.2	27	253	1.18e-79
NC_000913.3_989_1/1	NC_002516.2	27	253	1.18e-79
NC_000913.3_989_1/1	NC_002516.2	27	253	1.18e-79
NC_000913.3_989_1/1	NC_002516.2	27	253	1.18e-79
NC_000913.3_1007_1/1	NC_002516.2	32	254	1.18e-79
NC_000913.3_1007_1/1	NC_002516.2	32	254	1.18e-79
NC_000913.3_1007_1/1	NC_002516.2	32	254	1.18e-79
NC_000913.3_1007_1/1	NC_002516.2	32	254	1.18e-79
NC_000913.3_1131_1/1	NC_002516.2	30	217	2.02e-62
NC_000913.3_1211_1/1	NC_002516.2	41	261	1.21e-64
NC_000913.3_1247_1/1	NC_002516.2	5	81	1.64e-28
NC_000913.3_1247_1/1	NC_002516.2	8	86	2.75e-26
NC_000913.3_1408_1/1	NC_002516.2	47	295	1.98e-77
NC_000913.3_1408_1/1	NC_002516.2	49	301	1.98e-77
NC_000913.3_1408_1/1	NC_002516.2	49	301	1.98e-77
NC_000913.3_1408_1/1	NC_002516.2	49	301	1.54e-73
NC_000913.3_1450_1/1	NC_002516.2	18	113	2.14e-22
NC_000913.3_1450_1/1	NC_002516.2	18	113	2.14e-22
NC_000913.3_1450_1/1	NC_002516.2	18	113	2.14e-22
NC_000913.3_1450_1/1	NC_002516.2	18	113	2.14e-22
NC_000913.3_1466_1/1	NC_002516.2	27	292	4.08e-109
NC_000913.3_1466_1/1	NC_002516.2	27	292	4.08e-109
NC_000913.3_1466_1/1	NC_002516.2	27	292	4.08e-109
NC_000913.3_1466_1/1	NC_002516.2	27	292	4.08e-109
NC_002516.2_0_0/1	NC_002516.2	2	301	8.23e-156
NC_002516.2_1_0/1	NC_002516.2	3	301	3.83e-154
NC_002516.2_2_0/1	NC_002516.2	3	301	3.83e-154
NC_002516.2_3_0/1	NC_002516.2	1	302	8.23e-156
NC_002516.2_4_0/1	NC_002516.2	10	298	1.41e-138
NC_002516.2_5_0/1	NC_002516.2	2	301	8.23e-156
NC_002516.2_6_0/1	NC_002516.2	4	298	8.29e-151
NC_002516.2_7_0/1	NC_002516.2	1	301	1.77e-157
NC_002516.2_8_0/1	NC_002516.2	10	297	3.03e-140
NC_002516.2_9_0/1	NC_002516.2	7	301	1.80e-147
NC_002516.2_10_0/1	NC_002516.2	2	301	8.23e-156
NC_002516.2_11_0/1	NC_002516.2	10	301	1.81e-142
NC_002516.2_12_0/1	NC_002516.2	9	301	3.89e-144
NC_002516.2_13_0/1	NC_002516.2	0	301	6.37e-157
NC_002516.2_14_0/1	NC_002516.2	1	301	2.96e-155
NC_002516.2_15_0/1	NC_002516.2	0	301	3.80e-159
NC_002516.2_16_0/1	NC_002516.2	3	301	3.83e-154
NC_002516.2_17_0/1	NC_002516.2	2	301	8.23e-156
NC_002516.2_18_0/1	NC_002516.2	7	298	8.35e-146
NC_002516.2_19_0/1	NC_002516.2	12	301	6.55e-137
NC_002516.2_20_0/1	NC_002516.2	1	299	3.83e-154
NC_002516.2_21_0/1	NC_002516.2	3	301	6.41e-152
NC_002516.2_22_0/1	NC_002516.2	2	301	8.23e-156
NC_002516.2_23_0/1	NC_002516.2	0	301	3.80e-159
NC_002516.2_23_0/1	NC_002516.2	12	94	2.17e-12
NC_002516.2_24_0/1	NC_002516.2	1	301	1.77e-157
NC_002516.2_25_0/1	NC_002516.2	2	301	8.23e-156
NC_002516.2_26_0/1	NC_002516.2	3	301	6.41e-152
NC_002516.2_27_0/1	NC_002516.2	0	298	1.77e-157
NC_002516.2_28_0/1	NC_002516.2	8	301	8.35e-146
NC_002516.2_29_0/1	NC_002516.2	2	301	8.23e-156
NC_002516.2_30_0/1	NC_002516.2	3	301	3.83e-154
NC_002516.2_31_0/1	NC_002516.2	1	301	1.77e-157
NC_002516.2_32_0/1	NC_002516.2	0	300	1.37e-158
NC_002516.2_33_0/1	NC_002516.2	1	301	1.77e-157
NC_002516.2_34_0/1	NC_002516.2	5	301	8.29e-151
NC_002516.2_35_0/1	NC_002516.2	2	301	8.23e-156
NC_002516.2_36_0/1	NC_002516.2	9	301	3.89e-144
NC_002516.2_37_0/1	NC_002516.2	3	301	3.83e-154
NC_002516.2_38_0/1	NC_002516.2	1	301	1.77e-157
NC_002516.2_39_0/1	NC_002516.2	0	301	3.80e-159
NC_002516.2_40_0/1	NC_002516.2	0	301	6.37e-157
NC_002516.2_41_0/1	NC_002516.2	3	298	1.78e-152
NC_002516.2_42_0/1	NC_002516.2	4	301	1.78e-152
NC_002516.2_43_0/1	NC_002516.2	3	301	3.83e-154
NC_002516.2_44_0/1	NC_002516.2	6	298	1.80e-147
NC_002516.2_45_0/1	NC_002516.2	5	301	8.29e-151
NC_002516.2_46_0/1	NC_002516.2	0	300	1.37e-158
NC_002516.2_47_0/1	NC_002516.2	1	301	1.77e-157
NC_002516.2_48_0/1	NC_002516.2	13	298	8.47e-136
NC_002516.2_49_0/1	NC_002516.2	4	301	1.78e-152
NC_002516.2_50_0/1	NC_002516.2	2	301	8.23e-156
NC_002516.2_51_0/1	NC_002516.2	0	301	3.80e-159
NC_002516.2_52_0/1	NC_002516.2	2	301	8.23e-156
NC_002516.2_53_0/1	NC_002516.2	8	298	3.89e-144
NC_002516.2_54_0/1	NC_002516.2	1	299	2.29e-156
NC_002516.2_55_0/1	NC_002516.2	4	301	1.78e-152
NC_002516.2_56_0/1	NC_002516.2	0	301	3.80e-159
NC_002516.2_57_0/1	NC_002516.2	6	301	3.86e-149
NC_002516.2_58_0/1	NC_002516.2	14	301	8.47e-136
NC_002516.2_59_0/1	NC_002516.2	1	301	1.77e-157
NC_002516.2_59_0/1	NC_002516.2	1	301	1.77e-157
NC_002516.2_60_0/1	NC_002516.2	2	301	8.23e-156
NC_002516.2_61_0/1	NC_002516.2	9	300	1.40e-143
NC_002516.2_62_0/1	NC_002516.2	3	300	1.38e-153
NC_002516.2_63_0/1	NC_002516.2	1	299	2.29e-156
NC_002516.2_64_0/1	NC_002516.2	1	301	1.77e-157
NC_002516.2_65_0/1	NC_002516.2	7	301	1.80e-147
NC_002516.2_66_0/1	NC_002516.2	3	297	6.41e-152
NC_002516.2_66_0/1	NC_002516.2	12	187	9.22e-76
NC_002516.2_66_0/1	NC_002516.2	11	89	5.96e-23
NC_002516.2_66_0/1	NC_002516.2	11	101	7.71e-22
NC_002516.2_66_0/1	NC_002516.2	7	57	1.31e-09
NC_002516.2_67_0/1	NC_002516.2	2	298	3.83e-154
NC_002516.2_68_0/1	NC_002516.2	2	301	8.23e-156
NC_002516.2_69_0/1	NC_002516.2	1	301	1.77e-157
NC_002516.2_70_0/1	NC_002516.2	2	301	1.38e-153
NC_002516.2_71_0/1	NC_002516.2	2	300	4.96e-153
NC_002516.2_72_0/1	NC_002516.2	10	301	1.81e-142
NC_002516.2_73_0/1	NC_002516.2	0	301	3.80e-159
NC_002516.2_74_0/1	NC_002516.2	0	298	1.77e-157
NC_002516.2_75_0/1	NC_002516.2	2	301	1.38e-153
NC_002516.2_76_0/1	NC_002516.2	2	301	8.23e-156
NC_002516.2_77_0/1	NC_002516.2	4	298	8.29e-151
NC_002516.2_77_0/1	NC_002516.2	7	298	8.35e-146
NC_002516.2_78_0/1	NC_002516.2	1	301	1.77e-157
NC_002516.2_79_0/1	NC_002516.2	2	301	8.23e-156
NC_002516.2_80_0/1	NC_002516.2	7	301	1.80e-147
NC_002516.2_81_0/1	NC_002516.2	7	301	1.80e-147
NC_002516.2_82_0/1	NC_002516.2	3	301	3.83e-154
NC_002516.2_83_0/1	NC_002516.2	5	300	2.98e-150
NC_002516.2_84_0/1	NC_002516.2	2	301	8.23e-156
NC_002516.2_85_0/1	NC_002516.2	5	301	8.29e-151
NC_002516.2_86_0/1	NC_002516.2	0	300	1.37e-158
NC_002516.2_87_0/1	NC_002516.2	2	301	8.23e-156
NC_002516.2_88_0/1	NC_002516.2	1	300	6.37e-157
NC_002516.2_89_0/1	NC_002516.2	2	301	1.38e-153
NC_002516.2_89_0/1	NC_002516.2	39	305	1.53e-78
NC_002516.2_90_0/1	NC_002516.2	2	301	8.23e-156
NC_002516.2_91_0/1	NC_002516.2	6	301	6.46e-147
NC_002516.2_92_0/1	NC_002516.2	0	299	4.92e-158
NC_002516.2_93_0/1	NC_002516.2	7	301	1.80e-147
NC_002516.2_94_0/1	NC_002516.2	0	301	3.80e-159
NC_002516.2_95_0/1	NC_002516.2	0	301	3.80e-159
NC_002516.2_96_0/1	NC_002516.2	1	301	1.77e-157
NC_002516.2_97_0/1	NC_002516.2	4	301	1.78e-152
NC_002516.2_98_0/1	NC_002516.2	2	301	8.23e-156
NC_002516.2_99_0/1	NC_002516.2	0	301	3.80e-159
NC_002516.2_100_0/1	NC_002516.2	4	301	1.78e-152
NC_002516.2_101_0/1	NC_002516.2	0	301	3.80e-159
NC_002516.2_102_0/1	NC_002516.2	8	298	3.89e-144
NC_002516.2_103_0/1	NC_002516.2	4	301	1.78e-152
NC_002516.2_104_0/1	NC_002516.2	6	301	3.86e-149
NC_002516.2_105_0/1	NC_002516.2	1	297	2.96e-155
NC_002516.2_106_0/1	NC_002516.2	5	301	8.29e-151
NC_002516.2_107_0/1	NC_002516.2	1	301	1.77e-157
NC_002516.2_108_0/1	NC_002516.2	1	301	1.77e-157
NC_002516.2_109_0/1	NC_002516.2	2	301	8.23e-156
NC_002516.2_110_0/1	NC_002516.2	6	301	3.86e-149
NC_002516.2_111_0/1	NC_002516.2	3	301	3.83e-154
NC_002516.2_112_0/1	NC_002516.2	8	301	8.35e-146
NC_002516.2_113_0/1	NC_002516.2	4	301	1.78e-152
NC_002516.2_114_0/1	NC_002516.2	2	301	8.23e-156
NC_002516.2_115_0/1	NC_002516.2	2	301	8.23e-156
NC_002516.2_116_0/1	NC_002516.2	1	301	1.77e-157
NC_002516.2_117_0/1	NC_002516.2	4	301	1.78e-152
NC_002516.2_118_0/1	NC_002516.2	1	301	1.77e-157
NC_002516.2_119_0/1	NC_002516.2	2	301	8.23e-156
NC_002516.2_120_0/1	NC_002516.2	3	301	3.83e-154
NC_002516.2_121_0/1	NC_002516.2	5	298	3.86e-149
NC_002516.2_122_0/1	NC_002516.2	1	301	1.77e-157
NC_002516.2_123_0/1	NC_002516.2	4	301	1.78e-152
NC_002516.2_124_0/1	NC_002516.2	9	301	3.89e-144
NC_002516.2_125_0/1	NC_002516.2	1	301	1.77e-157
NC_002516.2_126_0/1	NC_002516.2	2	301	8.23e-156
NC_002516.2_127_0/1	NC_002516.2	0	301	3.80e-159
NC_002516.2_128_0/1	NC_002516.2	4	301	1.78e-152
NC_002516.2_128_0/1	NC_002516.2	0	35	2.81e-11
NC_002516.2_129_0/1	NC_002516.2	4	301	1.78e-152
NC_002516.2_130_0/1	NC_002516.2	2	297	1.38e-153
NC_002516.2_131_0/1	NC_002516.2	2	301	8.23e-156
NC_002516.2_132_0/1	NC_002516.2	5	300	2.98e-150
NC_002516.2_133_0/1	NC_002516.2	0	301	3.80e-159
NC_002516.2_134_0/1	NC_002516.2	0	301	3.80e-159
NC_002516.2_135_0/1	NC_002516.2	0	301	3.80e-159
NC_002516.2_136_0/1	NC_002516.2	7	301	1.80e-147
NC_002516.2_137_0/1	NC_002516.2	1	301	1.77e-157
NC_002516.2_138_0/1	NC_002516.2	3	301	3.83e-154
NC_002516.2_139_0/1	NC_002516.2	1	301	1.77e-157
NC_002516.2_140_0/1	NC_002516.2	0	301	3.80e-159
NC_002516.2_141_0/1	NC_002516.2	0	298	1.77e-157
NC_002516.2_142_0/1	NC_002516.2	3	301	3.83e-154
NC_002516.2_143_0/1	NC_002516.2	8	301	8.35e-146
NC_002516.2_144_0/1	NC_002516.2	4	301	1.78e-152
NC_002516.2_145_0/1	NC_002516.2	2	300	2.96e-155
NC_002516.2_146_0/1	NC_002516.2	4	301	1.78e-152
NC_002516.2_147_0/1	NC_002516.2	3	301	3.83e-154
NC_002516.2_148_0/1	NC_002516.2	3	301	3.83e-154
NC_002516.2_149_0/1	NC_002516.2	2	301	8.23e-156
NC_002516.2_150_0/1	NC_002516.2	0	299	4.92e-158
NC_002516.2_151_0/1	NC_002516.2	1	301	1.77e-157
NC_002516.2_152_0/1	NC_002516.2	2	295	1.78e-152
NC_002516.2_153_0/1	NC_002516.2	3	301	3.83e-154
NC_002516.2_154_0/1	NC_002516.2	6	301	3.86e-149
NC_002516.2_155_0/1	NC_002516.2	1	301	1.77e-157
NC_002516.2_156_0/1	NC_002516.2	4	301	1.78e-152
NC_002516.2_157_0/1	NC_002516.2	3	301	3.83e-154
NC_002516.2_158_0/1	NC_002516.2	1	300	6.37e-157
NC_002516.2_159_0/1	NC_002516.2	1	301	1.77e-157
NC_002516.2_160_0/1	NC_002516.2	3	301	3.83e-154
NC_002516.2_161_0/1	NC_002516.2	1	301	2.96e-155
NC_002516.2_162_0/1	NC_002516.2	1	301	1.77e-157
NC_002516.2_163_0/1	NC_002516.2	1	301	1.77e-157
NC_002516.2_164_0/1	NC_002516.2	2	301	1.38e-153
NC_002516.2_164_0/1	NC_002516.2	25	174	5.79e-43
NC_002516.2_165_0/1	NC_002516.2	3	301	3.83e-154
NC_002516.2_166_0/1	NC_002516.2	0	301	3.80e-159
NC_002516.2_167_0/1	NC_002516.2	4	301	1.78e-152
NC_002516.2_168_0/1	NC_002516.2	4	301	1.78e-152
NC_002516.2_169_0/1	NC_002516.2	1	301	1.77e-157
NC_002516.2_170_0/1	NC_002516.2	3	301	3.83e-154
NC_002516.2_171_0/1	NC_002516.2	0	300	1.37e-158
NC_002516.2_172_0/1	NC_002516.2	1	299	2.29e-156
NC_002516.2_173_0/1	NC_002516.2	1	301	1.77e-157
NC_002516.2_174_0/1	NC_002516.2	1	301	2.96e-155
NC_002516.2_175_0/1	NC_002516.2	4	301	1.78e-152
NC_002516.2_176_0/1	NC_002516.2	3	301	3.83e-154
NC_002516.2_177_0/1	NC_002516.2	1	298	8.23e-156
NC_002516.2_178_0/1	NC_002516.2	5	301	8.29e-151
NC_002516.2_179_0/1	NC_002516.2	12	301	3.91e-139
NC_002516.2_180_0/1	NC_002516.2	7	301	1.80e-147
NC_002516.2_181_0/1	NC_002516.2	0	301	3.80e-159
NC_002516.2_182_0/1	NC_002516.2	11	300	3.03e-140
NC_002516.2_183_0/1	NC_002516.2	1	301	1.77e-157
NC_002516.2_184_0/1	NC_002516.2	7	301	1.80e-147
NC_002516.2_185_0/1	NC_002516.2	5	301	8.29e-151
NC_002516.2_186_0/1	NC_002516.2	1	301	1.77e-157
NC_002516.2_187_0/1	NC_002516.2	3	298	1.78e-152
NC_002516.2_188_0/1	NC_002516.2	1	301	1.77e-157
NC_002516.2_189_0/1	NC_002516.2	7	301	1.80e-147
NC_002516.2_190_0/1	NC_002516.2	4	301	1.78e-152
NC_002516.2_191_0/1	NC_002516.2	2	301	8.23e-156
NC_002516.2_192_0/1	NC_002516.2	7	301	1.80e-147
NC_002516.2_193_0/1	NC_002516.2	1	301	1.77e-157
NC_002516.2_194_0/1	NC_002516.2	1	301	1.77e-157
NC_002516.2_195_0/1	NC_002516.2	6	301	6.46e-147
NC_002516.2_196_0/1	NC_002516.2	3	301	6.41e-152
NC_002516.2_197_0/1	NC_002516.2	2	301	8.23e-156
NC_002516.2_198_0/1	NC_002516.2	9	301	3.89e-144
NC_002516.2_199_0/1	NC_002516.2	0	301	3.80e-159
NC_002516.2_200_0/1	NC_002516.2	4	301	1.78e-152
NC_002516.2_201_0/1	NC_002516.2	1	301	1.77e-157
NC_002516.2_202_0/1	NC_002516.2	7	301	1.80e-147
NC_002516.2_203_0/1	NC_002516.2	3	300	1.38e-153
NC_002516.2_204_0/1	NC_002516.2	3	301	3.83e-154
NC_002516.2_205_0/1	NC_002516.2	1	301	1.77e-157
NC_002516.2_206_0/1	NC_002516.2	1	301	1.77e-157
NC_002516.2_207_0/1	NC_002516.2	2	301	8.23e-156
NC_002516.2_208_0/1	NC_002516.2	8	299	1.08e-144
NC_002516.2_209_0/1	NC_002516.2	2	301	8.23e-156
NC_002516.2_210_0/1	NC_002516.2	9	301	3.89e-144
NC_002516.2_211_0/1	NC_002516.2	0	301	3.80e-159
NC_002516.2_212_0/1	NC_002516.2	0	301	6.37e-157
NC_002516.2_213_0/1	NC_002516.2	0	300	1.37e-158
NC_002516.2_214_0/1	NC_002516.2	5	296	4.99e-148
NC_002516.2_215_0/1	NC_002516.2	1	301	1.77e-157
NC_002516.2_216_0/1	NC_002516.2	3	297	6.41e-152
NC_002516.2_217_0/1	NC_002516.2	0	297	6.37e-157
NC_002516.2_218_0/1	NC_002516.2	3	301	3.83e-154
NC_002516.2_219_0/1	NC_002516.2	2	301	8.23e-156
NC_002516.2_220_0/1	NC_002516.2	3	298	1.78e-152
NC_002516.2_221_0/1	NC_002516.2	4	301	1.78e-152
NC_002516.2_222_0/1	NC_002516.2	7	301	1.80e-147
NC_002516.2_223_0/1	NC_002516.2	4	300	6.41e-152
NC_002516.2_224_0/1	NC_002516.2	2	299	1.07e-154
NC_002516.2_225_0/1	NC_002516.2	7	300	6.46e-147
NC_002516.2_226_0/1	NC_002516.2	4	301	1.78e-152
NC_002516.2_227_0/1	NC_002516.2	7	302	8.35e-146
NC_002516.2_228_0/1	NC_002516.2	9	301	3.89e-144
NC_002516.2_229_0/1	NC_002516.2	1	301	2.96e-155
NC_002516.2_230_0/1	NC_002516.2	1	301	1.77e-157
NC_002516.2_231_0/1	NC_002516.2	3	301	3.83e-154
NC_002516.2_232_0/1	NC_002516.2	2	301	8.23e-156
NC_002516.2_233_0/1	NC_002516.2	1	300	6.37e-157
NC_002516.2_234_0/1	NC_002516.2	2	301	8.23e-156
NC_002516.2_235_0/1	NC_002516.2	2	301	8.23e-156
NC_002516.2_236_0/1	NC_002516.2	1	301	1.77e-157
NC_002516.2_236_0/1	NC_002516.2	41	300	2.53e-86
NC_002516.2_237_0/1	NC_002516.2	1	301	1.77e-157
NC_002516.2_238_0/1	NC_002516.2	2	301	8.23e-156
NC_002516.2_239_0/1	NC_002516.2	2	301	8.23e-156
NC_002516.2_240_0/1	NC_002516.2	4	301	2.98e-150
NC_002516.2_241_0/1	NC_002516.2	3	301	3.83e-154
NC_002516.2_242_0/1	NC_002516.2	3	301	3.83e-154
NC_002516.2_243_0/1	NC_002516.2	1	301	1.77e-157
NC_002516.2_244_0/1	NC_002516.2	0	300	1.37e-158
NC_002516.2_245_0/1	NC_002516.2	4	301	2.98e-150
NC_002516.2_246_0/1	NC_002516.2	1	301	1.38e-153
NC_002516.2_247_0/1	NC_002516.2	8	301	8.35e-146
NC_002516.2_248_0/1	NC_002516.2	1	301	1.77e-157
NC_002516.2_249_0/1	NC_002516.2	2	301	1.38e-153
NC_002516.2_0_1/1	NC_002516.2	1	301	1.77e-157
NC_002516.2_1_1/1	NC_002516.2	0	301	3.80e-159
NC_002516.2_2_1/1	NC_002516.2	5	301	8.29e-151
NC_002516.2_3_1/1	NC_002516.2	2	301	8.23e-156
NC_002516.2_3_1/1	NC_002516.2	10	66	7.82e-12
NC_002516.2_3_1/1	NC_002516.2	0	29	6.08e-08
NC_002516.2_4_1/1	NC_002516.2	7	301	1.80e-147
NC_002516.2_5_1/1	NC_002516.2	1	301	1.77e-157
NC_002516.2_6_1/1	NC_002516.2	1	301	1.77e-157
NC_002516.2_7_1/1	NC_002516.2	2	301	8.23e-156
NC_002516.2_8_1/1	NC_002516.2	2	301	8.23e-156
NC_002516.2_9_1/1	NC_002516.2	4	301	1.78e-152
NC_002516.2_10_1/1	NC_002516.2	5	298	3.86e-149
NC_002516.2_11_1/1	NC_002516.2	4	300	4.99e-148
NC_002516.2_12_1/1	NC_002516.2	1	301	1.77e-157
NC_002516.2_12_1/1	NC_002516.2	3	52	7.82e-12
NC_002516.2_13_1/1	NC_002516.2	2	301	8.23e-156
NC_002516.2_14_1/1	NC_002516.2	7	301	1.80e-147
NC_002516.2_15_1/1	NC_002516.2	1	301	1.77e-157
NC_002516.2_16_1/1	NC_002516.2	3	301	3.83e-154
NC_002516.2_17_1/1	NC_002516.2	3	299	4.96e-153
NC_002516.2_18_1/1	NC_002516.2	5	299	1.07e-149
NC_002516.2_19_1/1	NC_002516.2	2	301	8.23e-156
NC_002516.2_20_1/1	NC_002516.2	2	301	8.23e-156
NC_002516.2_21_1/1	NC_002516.2	7	300	1.08e-144
NC_002516.2_22_1/1	NC_002516.2	2	301	8.23e-156
NC_002516.2_23_1/1	NC_002516.2	7	301	1.80e-147
NC_002516.2_24_1/1	NC_002516.2	3	301	3.83e-154
NC_002516.2_24_1/1	NC_002516.2	0	80	2.71e-36
NC_002516.2_24_1/1	NC_002516.2	1	86	9.76e-36
NC_002516.2_25_1/1	NC_002516.2	4	301	1.78e-152
NC_002516.2_26_1/1	NC_002516.2	3	301	3.83e-154
NC_002516.2_27_1/1	NC_002516.2	4	301	1.78e-152
NC_002516.2_28_1/1	NC_002516.2	0	301	3.80e-159
NC_002516.2_29_1/1	NC_002516.2	10	301	1.81e-142
NC_002516.2_30_1/1	NC_002516.2	5	301	8.29e-151
NC_002516.2_31_1/1	NC_002516.2	1	300	6.37e-157
NC_002516.2_32_1/1	NC_002516.2	5	301	8.29e-151
NC_002516.2_33_1/1	NC_002516.2	2	301	1.38e-153
NC_002516.2_33_1/1	NC_002516.2	40	203	2.79e-16
NC_002516.2_34_1/1	NC_002516.2	1	301	1.77e-157
NC_002516.2_35_1/1	NC_002516.2	4	301	1.78e-152
NC_002516.2_36_1/1	NC_002516.2	6	301	3.86e-149
NC_002516.2_37_1/1	NC_002516.2	1	301	1.77e-157
NC_002516.2_38_1/1	NC_002516.2	7	298	8.35e-146
NC_002516.2_39_1/1	NC_002516.2	6	301	3.86e-149
NC_002516.2_40_1/1	NC_002516.2	4	301	1.78e-152
NC_002516.2_40_1/1	NC_002516.2	52	300	4.57e-29
NC_002516.2_41_1/1	NC_002516.2	6	302	1.80e-147
NC_002516.2_42_1/1	NC_002516.2	7	294	1.40e-143
NC_002516.2_43_1/1	NC_002516.2	3	301	3.83e-154
NC_002516.2_44_1/1	NC_002516.2	2	301	8.23e-156
NC_002516.2_45_1/1	NC_002516.2	2	301	8.23e-156
NC_002516.2_46_1/1	NC_002516.2	2	301	8.23e-156
NC_002516.2_47_1/1	NC_002516.2	3	301	3.83e-154
NC_002516.2_48_1/1	NC_002516.2	3	301	6.41e-152
NC_002516.2_49_1/1	NC_002516.2	1	301	1.77e-157
NC_002516.2_50_1/1	NC_002516.2	4	301	1.78e-152
NC_002516.2_51_1/1	NC_002516.2	2	298	3.83e-154
NC_002516.2_52_1/1	NC_002516.2	0	301	6.37e-157
NC_002516.2_53_1/1	NC_002516.2	8	301	8.35e-146
NC_002516.2_54_1/1	NC_002516.2	4	301	1.78e-152
NC_002516.2_55_1/1	NC_002516.2	4	301	1.78e-152
NC_002516.2_56_1/1	NC_002516.2	3	300	1.38e-153
NC_002516.2_57_1/1	NC_002516.2	8	301	8.35e-146
NC_002516.2_58_1/1	NC_002516.2	1	298	8.23e-156
NC_002516.2_59_1/1	NC_002516.2	8	299	1.08e-144
NC_002516.2_60_1/1	NC_002516.2	2	301	8.23e-156
NC_002516.2_61_1/1	NC_002516.2	2	301	1.38e-153
NC_002516.2_62_1/1	NC_002516.2	3	301	3.83e-154
NC_002516.2_63_1/1	NC_002516.2	1	300	6.37e-157
NC_002516.2_64_1/1	NC_002516.2	1	301	1.77e-157
NC_002516.2_64_1/1	NC_002516.2	26	149	1.66e-23
NC_002516.2_65_1/1	NC_002516.2	1	301	1.77e-157
NC_002516.2_66_1/1	NC_002516.2	2	299	1.07e-154
NC_002516.2_67_1/1	NC_002516.2	3	301	3.83e-154
NC_002516.2_68_1/1	NC_002516.2	2	301	8.23e-156
NC_002516.2_69_1/1	NC_002516.2	0	301	3.80e-159
NC_002516.2_70_1/1	NC_002516.2	3	301	3.83e-154
NC_002516.2_71_1/1	NC_002516.2	2	301	8.23e-156
NC_002516.2_72_1/1	NC_002516.2	4	301	1.78e-152
NC_002516.2_73_1/1	NC_002516.2	1	301	1.77e-157
NC_002516.2_74_1/1	NC_002516.2	1	302	8.23e-156
NC_002516.2_75_1/1	NC_002516.2	1	299	2.29e-156
NC_002516.2_76_1/1	NC_002516.2	4	301	1.78e-152
NC_002516.2_77_1/1	NC_002516.2	0	298	1.77e-157
NC_002516.2_78_1/1	NC_002516.2	4	301	1.78e-152
NC_002516.2_79_1/1	NC_002516.2	3	301	6.41e-152
NC_002516.2_80_1/1	NC_002516.2	1	301	1.77e-157
NC_002516.2_80_1/1	NC_002516.2	30	301	4.08e-109
NC_002516.2_81_1/1	NC_002516.2	4	301	1.78e-152
NC_002516.2_82_1/1	NC_002516.2	1	301	1.77e-157
NC_002516.2_83_1/1	NC_002516.2	2	301	8.23e-156
NC_002516.2_84_1/1	NC_002516.2	1	301	1.77e-157
NC_002516.2_85_1/1	NC_002516.2	1	301	1.77e-157
NC_002516.2_86_1/1	NC_002516.2	1	301	1.77e-157
NC_002516.2_87_1/1	NC_002516.2	3	300	1.38e-153
NC_002516.2_88_1/1	NC_002516.2	9	301	3.89e-144
NC_002516.2_89_1/1	NC_002516.2	1	301	1.77e-157
NC_002516.2_90_1/1	NC_002516.2	6	301	3.86e-149
NC_002516.2_91_1/1	NC_002516.2	2	301	8.23e-156
NC_002516.2_92_1/1	NC_002516.2	5	301	8.29e-151
NC_002516.2_93_1/1	NC_002516.2	3	301	3.83e-154
NC_002516.2_94_1/1	NC_002516.2	0	301	3.80e-159
NC_002516.2_94_1/1	NC_002516.2	1	38	2.81e-11
NC_002516.2_95_1/1	NC_002516.2	2	301	8.23e-156
NC_002516.2_96_1/1	NC_002516.2	3	301	3.83e-154
NC_002516.2_97_1/1	NC_002516.2	5	301	8.29e-151
NC_002516.2_98_1/1	NC_002516.2	2	302	3.83e-154
NC_002516.2_99_1/1	NC_002516.2	1	301	1.77e-157
NC_002516.2_100_1/1	NC_002516.2	5	301	8.29e-151
NC_002516.2_101_1/1	NC_002516.2	4	298	8.29e-151
NC_002516.2_102_1/1	NC_002516.2	1	301	1.77e-157
NC_002516.2_103_1/1	NC_002516.2	2	301	8.23e-156
NC_002516.2_104_1/1	NC_002516.2	3	301	3.83e-154
NC_002516.2_105_1/1	NC_002516.2	8	301	8.35e-146
NC_002516.2_106_1/1	NC_002516.2	4	301	1.78e-152
NC_002516.2_107_1/1	NC_002516.2	2	301	8.23e-156
NC_002516.2_108_1/1	NC_002516.2	0	301	3.80e-159
NC_002516.2_109_1/1	NC_002516.2	4	301	1.78e-152
NC_002516.2_110_1/1	NC_002516.2	2	301	8.23e-156
NC_002516.2_111_1/1	NC_002516.2	7	301	1.80e-147
NC_002516.2_112_1/1	NC_002516.2	3	301	3.83e-154
NC_002516.2_113_1/1	NC_002516.2	3	298	1.78e-152
NC_002516.2_113_1/1	NC_002516.2	29	261	1.53e-78
NC_002516.2_114_1/1	NC_002516.2	5	301	8.29e-151
NC_002516.2_115_1/1	NC_002516.2	0	301	3.80e-159
NC_002516.2_116_1/1	NC_002516.2	2	301	8.23e-156
NC_002516.2_117_1/1	NC_002516.2	0	301	3.80e-159
NC_002516.2_118_1/1	NC_002516.2	1	301	1.77e-157
NC_002516.2_119_1/1	NC_002516.2	3	299	4.96e-153
NC_002516.2_120_1/1	NC_002516.2	2	301	8.23e-156
NC_002516.2_121_1/1	NC_002516.2	1	301	2.96e-155
NC_002516.2_122_1/1	NC_002516.2	3	301	3.83e-154
NC_002516.2_123_1/1	NC_002516.2	8	301	8.35e-146
NC_002516.2_124_1/1	NC_002516.2	3	301	3.83e-154
NC_002516.2_125_1/1	NC_002516.2	3	301	3.83e-154
NC_002516.2_126_1/1	NC_002516.2	2	301	8.23e-156
NC_002516.2_127_1/1	NC_002516.2	1	301	1.77e-157
NC_002516.2_128_1/1	NC_002516.2	2	301	8.23e-156
NC_002516.2_129_1/1	NC_002516.2	3	301	3.83e-154
NC_002516.2_130_1/1	NC_002516.2	5	299	1.07e-149
NC_002516.2_131_1/1	NC_002516.2	0	301	6.37e-157
NC_002516.2_132_1/1	NC_002516.2	1	301	1.77e-157
NC_002516.2_133_1/1	NC_002516.2	1	301	1.77e-157
NC_002516.2_134_1/1	NC_002516.2	1	301	1.77e-157
NC_002516.2_135_1/1	NC_002516.2	3	301	3.83e-154
NC_002516.2_136_1/1	NC_002516.2	2	301	8.23e-156
NC_002516.2_137_1/1	NC_002516.2	2	301	1.38e-153
NC_002516.2_138_1/1	NC_002516.2	6	298	1.80e-147
NC_002516.2_139_1/1	NC_002516.2	4	301	1.78e-152
NC_002516.2_140_1/1	NC_002516.2	2	301	8.23e-156
NC_002516.2_141_1/1	NC_002516.2	4	301	1.78e-152
NC_002516.2_142_1/1	NC_002516.2	4	298	8.29e-151
NC_002516.2_143_1/1	NC_002516.2	6	301	3.86e-149
NC_002516.2_144_1/1	NC_002516.2	0	301	3.80e-159
NC_002516.2_145_1/1	NC_002516.2	4	301	1.78e-152
NC_002516.2_146_1/1	NC_002516.2	1	301	1.77e-157
NC_002516.2_147_1/1	NC_002516.2	2	301	8.23e-156
NC_002516.2_148_1/1	NC_002516.2	3	301	3.83e-154
NC_002516.2_149_1/1	NC_002516.2	1	301	1.77e-157
NC_002516.2_150_1/1	NC_002516.2	2	301	8.23e-156
NC_002516.2_150_1/1	NC_002516.2	2	301	8.23e-156
NC_002516.2_150_1/1	NC_002516.2	2	301	8.23e-156
NC_002516.2_150_1/1	NC_002516.2	2	301	8.23e-156
NC_002516.2_150_1/1	NC_002516.2	2	301	8.23e-156
NC_002516.2_150_1/1	NC_002516.2	2	301	8.23e-156
NC_002516.2_151_1/1	NC_002516.2	3	301	3.83e-154
NC_002516.2_152_1/1	NC_002516.2	10	298	8.41e-141
NC_002516.2_153_1/1	NC_002516.2	2	301	8.23e-156
NC_002516.2_154_1/1	NC_002516.2	9	301	3.89e-144
NC_002516.2_155_1/1	NC_002516.2	4	298	8.29e-151
NC_002516.2_156_1/1	NC_002516.2	1	301	1.77e-157
NC_002516.2_157_1/1	NC_002516.2	2	301	8.23e-156
NC_002516.2_158_1/1	NC_002516.2	0	301	3.80e-159
NC_002516.2_159_1/1	NC_002516.2	2	301	8.23e-156
NC_002516.2_159_1/1	NC_002516.2	1	35	1.31e-09
NC_002516.2_159_1/1	NC_002516.2	1	33	1.69e-08
NC_002516.2_160_1/1	NC_002516.2	3	301	3.83e-154
NC_002516.2_161_1/1	NC_002516.2	2	301	8.23e-156
NC_002516.2_162_1/1	NC_002516.2	1	301	1.77e-157
NC_002516.2_163_1/1	NC_002516.2	8	301	8.35e-146
NC_002516.2_164_1/1	NC_002516.2	10	301	1.81e-142
NC_002516.2_165_1/1	NC_002516.2	4	301	1.78e-152
NC_002516.2_166_1/1	NC_002516.2	10	301	1.81e-142
NC_002516.2_167_1/1	NC_002516.2	1	298	8.23e-156
NC_002516.2_168_1/1	NC_002516.2	1	301	1.77e-157
NC_002516.2_169_1/1	NC_002516.2	7	301	1.80e-147
NC_002516.2_170_1/1	NC_002516.2	1	301	1.77e-157
NC_002516.2_171_1/1	NC_002516.2	0	301	3.80e-159
NC_002516.2_172_1/1	NC_002516.2	9	301	3.89e-144
NC_002516.2_173_1/1	NC_002516.2	2	301	8.23e-156
NC_002516.2_174_1/1	NC_002516.2	1	301	1.77e-157
NC_002516.2_175_1/1	NC_002516.2	3	301	6.41e-152
NC_002516.2_176_1/1	NC_002516.2	3	299	4.96e-153
NC_002516.2_177_1/1	NC_002516.2	0	301	3.80e-159
NC_002516.2_178_1/1	NC_002516.2	3	301	3.83e-154
NC_002516.2_179_1/1	NC_002516.2	2	301	8.23e-156
NC_002516.2_180_1/1	NC_002516.2	2	301	8.23e-156
NC_002516.2_181_1/1	NC_002516.2	4	301	1.78e-152
NC_002516.2_182_1/1	NC_002516.2	6	301	3.86e-149
NC_002516.2_183_1/1	NC_002516.2	1	287	1.07e-149
NC_002516.2_184_1/1	NC_002516.2	0	301	3.80e-159
NC_002516.2_185_1/1	NC_002516.2	2	301	8.23e-156
NC_002516.2_186_1/1	NC_002516.2	4	300	6.41e-152
NC_002516.2_187_1/1	NC_002516.2	1	298	8.23e-156
NC_002516.2_188_1/1	NC_002516.2	9	301	3.89e-144
NC_002516.2_189_1/1	NC_002516.2	4	301	1.78e-152
NC_002516.2_190_1/1	NC_002516.2	2	301	8.23e-156
NC_002516.2_191_1/1	NC_002516.2	5	301	8.29e-151
NC_002516.2_192_1/1	NC_002516.2	3	301	3.83e-154
NC_002516.2_193_1/1	NC_002516.2	1	301	1.77e-157
NC_002516.2_194_1/1	NC_002516.2	0	298	1.77e-157
NC_002516.2_195_1/1	NC_002516.2	3	301	3.83e-154
NC_002516.2_196_1/1	NC_002516.2	3	301	3.83e-154
NC_002516.2_197_1/1	NC_002516.2	1	301	1.77e-157
NC_002516.2_198_1/1	NC_002516.2	0	301	3.80e-159
NC_002516.2_198_1/1	NC_002516.2	64	292	5.91e-28
NC_002516.2_199_1/1	NC_002516.2	2	300	2.96e-155
NC_002516.2_200_1/1	NC_002516.2	3	301	3.83e-154
NC_002516.2_201_1/1	NC_002516.2	3	301	3.83e-154
NC_002516.2_202_1/1	NC_002516.2	1	301	1.77e-157
NC_002516.2_203_1/1	NC_002516.2	1	301	1.77e-157
NC_002516.2_204_1/1	NC_002516.2	3	301	3.83e-154
NC_002516.2_204_1/1	NC_002516.2	13	159	2.05e-52
NC_002516.2_205_1/1	NC_002516.2	1	301	1.77e-157
NC_002516.2_206_1/1	NC_002516.2	2	300	2.96e-155
NC_002516.2_207_1/1	NC_002516.2	3	301	3.83e-154
NC_002516.2_208_1/1	NC_002516.2	5	301	8.29e-151
NC_002516.2_209_1/1	NC_002516.2	8	301	8.35e-146
NC_002516.2_210_1/1	NC_002516.2	3	301	3.83e-154
NC_002516.2_211_1/1	NC_002516.2	14	301	8.47e-136
NC_002516.2_212_1/1	NC_002516.2	4	301	1.78e-152
NC_002516.2_213_1/1	NC_002516.2	6	301	3.86e-149
NC_002516.2_214_1/1	NC_002516.2	1	301	1.77e-157
NC_002516.2_215_1/1	NC_002516.2	5	301	8.29e-151
NC_002516.2_216_1/1	NC_002516.2	2	299	1.07e-154
NC_002516.2_217_1/1	NC_002516.2	3	301	3.83e-154
NC_002516.2_218_1/1	NC_002516.2	3	301	3.83e-154
NC_002516.2_219_1/1	NC_002516.2	0	301	3.80e-159
NC_002516.2_220_1/1	NC_002516.2	10	301	1.81e-142
NC_002516.2_221_1/1	NC_002516.2	3	300	1.38e-153
NC_002516.2_222_1/1	NC_002516.2	1	301	1.77e-157
NC_002516.2_223_1/1	NC_002516.2	1	301	1.77e-157
NC_002516.2_224_1/1	NC_002516.2	5	301	8.29e-151
NC_002516.2_225_1/1	NC_002516.2	0	301	3.80e-159
NC_002516.2_226_1/1	NC_002516.2	1	301	1.77e-157
NC_002516.2_227_1/1	NC_002516.2	1	301	1.77e-157
NC_002516.2_228_1/1	NC_002516.2	2	301	8.23e-156
NC_002516.2_229_1/1	NC_002516.2	2	301	8.23e-156
NC_002516.2_230_1/1	NC_002516.2	2	299	1.07e-154
NC_002516.2_231_1/1	NC_002516.2	5	301	8.29e-151
NC_002516.2_232_1/1	NC_002516.2	4	301	1.78e-152
NC_002516.2_233_1/1	NC_002516.2	2	301	8.23e-156
NC_002516.2_234_1/1	NC_002516.2	4	301	1.78e-152
NC_002516.2_235_1/1	NC_002516.2	3	301	3.83e-154
NC_002516.2_236_1/1	NC_002516.2	1	301	1.77e-157
NC_002516.2_236_1/1	NC_002516.2	10	229	5.47e-83
NC_002516.2_236_1/1	NC_002516.2	7	178	4.26e-79
NC_002516.2_236_1/1	NC_002516.2	0	36	7.82e-12
NC_002516.2_237_1/1	NC_002516.2	7	301	3.00e-145
NC_002516.2_238_1/1	NC_002516.2	3	297	6.41e-152
NC_002516.2_239_1/1	NC_002516.2	2	301	8.23e-156
NC_002516.2_240_1/1	NC_002516.2	5	301	8.29e-151
NC_002516.2_241_1/1	NC_002516.2	0	301	3.80e-159
NC_002516.2_242_1/1	NC_002516.2	1	301	2.96e-155
NC_002516.2_243_1/1	NC_002516.2	10	295	3.91e-139
NC_002516.2_244_1/1	NC_002516.2	3	301	3.83e-154
NC_002516.2_245_1/1	NC_002516.2	6	301	3.86e-149
NC_002516.2_246_1/1	NC_002516.2	1	301	2.96e-155
NC_002516.2_247_1/1	NC_002516.2	4	301	1.78e-152
NC_002516.2_248_1/1	NC_002516.2	1	301	1.77e-157
NC_002516.2_249_1/1	NC_002516.2	1	301	1.77e-157
NC_000964.3_66_0/1	NC_002516.2	3	72	7.65e-27
NC_000964.3_66_0/1	NC_002516.2	3	72	7.65e-27
NC_007795.1_96_0/1	NC_002516.2	42	276	5.55e-73
NC_007795.1_96_0/1	NC_002516.2	42	276	5.55e-73
NC_007795.1_96_0/1	NC_002516.2	42	276	5.55e-73
NC_007795.1_96_0/1	NC_002516.2	42	276	5.55e-73
NC_007795.1_190_0/1	NC_002516.2	47	300	2.56e-76
NC_007795.1_190_0/1	NC_002516.2	47	300	2.56e-76
NC_007795.1_190_0/1	NC_002516.2	47	300	2.56e-76
NC_007795.1_190_0/1	NC_002516.2	47	300	2.56e-76
